"","tourney_date","tourney_name","surface","draw_size","tourney_level","match_num","winner_id","loser_id","best_of","winner_rank","winner_rank_points","loser_rank","loser_rank_points","player_rank","player_id"
"1",2010-01-11,"Auckland","Hard",28,"A",4,103967,105554,"3",209,223,266,167,266,"Daniel Evans"
"2",2010-01-11,"Sydney","Hard",28,"A",2,104755,103852,"3",53,805,46,905,46,"Feliciano Lopez"
"3",2010-01-18,"Australian Open","Hard",128,"G",35,103852,104655,"5",46,905,48,905,46,"Feliciano Lopez"
"4",2010-01-18,"Australian Open","Hard",128,"G",82,103852,102783,"5",46,905,107,505,46,"Feliciano Lopez"
"5",2010-01-18,"Australian Open","Hard",128,"G",105,104053,103852,"5",7,4510,46,905,46,"Feliciano Lopez"
"6",2010-02-01,"Johannesburg","Hard",32,"A",5,103852,104112,"3",39,985,234,194,39,"Feliciano Lopez"
"7",2010-02-01,"Johannesburg","Hard",32,"A",19,103852,104882,"3",39,985,117,472,39,"Feliciano Lopez"
"8",2010-02-01,"Johannesburg","Hard",32,"A",26,103852,104330,"3",39,985,83,588,39,"Feliciano Lopez"
"9",2010-02-01,"Johannesburg","Hard",32,"A",29,103852,104792,"3",39,985,13,2520,39,"Feliciano Lopez"
"10",2010-02-01,"Johannesburg","Hard",32,"A",31,103852,103565,"3",39,985,100,535,39,"Feliciano Lopez"
"11",2010-02-08,"Rotterdam","Hard",32,"A",16,103786,103852,"3",6,5290,33,1195,33,"Feliciano Lopez"
"12",2010-02-22,"Dubai","Hard",32,"A",3,102905,103852,"3",135,412,34,1190,34,"Feliciano Lopez"
"13",2010-03-05,"Davis Cup G2 R1: LTU vs GBR","Hard",4,"D",2,105575,105554,"5",198,238,252,178,252,"Daniel Evans"
"14",2010-03-05,"Davis Cup G2 R1: LTU vs GBR","Hard",4,"D",5,105827,105554,"5",521,54,252,178,252,"Daniel Evans"
"15",2010-03-11,"Indian Wells Masters","Hard",96,"M",47,103852,103908,"3",34,1190,41,930,34,"Feliciano Lopez"
"16",2010-03-11,"Indian Wells Masters","Hard",96,"M",72,104417,103852,"3",7,3905,34,1190,34,"Feliciano Lopez"
"17",2010-03-24,"Miami Masters","Hard",96,"M",42,103852,103582,"3",34,1205,51,842,34,"Feliciano Lopez"
"18",2010-03-24,"Miami Masters","Hard",96,"M",69,103888,103852,"3",101,505,34,1205,34,"Feliciano Lopez"
"19",2010-04-11,"Monte Carlo Masters","Clay",56,"M",10,104607,103852,"3",15,2270,35,1205,35,"Feliciano Lopez"
"20",2010-04-19,"Barcelona","Clay",56,"A",22,103852,105238,"3",35,1205,66,718,35,"Feliciano Lopez"
"21",2010-04-19,"Barcelona","Clay",56,"A",39,103852,104797,"3",35,1205,84,600,35,"Feliciano Lopez"
"22",2010-04-19,"Barcelona","Clay",56,"A",48,104417,103852,"3",8,4595,35,1205,35,"Feliciano Lopez"
"23",2010-04-25,"Rome Masters","Clay",56,"M",6,103852,103794,"3",35,1205,41,1004,35,"Feliciano Lopez"
"24",2010-04-25,"Rome Masters","Clay",56,"M",28,103852,105227,"3",35,1205,11,2980,35,"Feliciano Lopez"
"25",2010-04-25,"Rome Masters","Clay",56,"M",42,103852,103344,"3",35,1205,15,2250,35,"Feliciano Lopez"
"26",2010-04-25,"Rome Masters","Clay",56,"M",49,105208,103852,"3",40,1009,35,1205,35,"Feliciano Lopez"
"27",2010-05-09,"Madrid Masters","Clay",56,"M",6,103852,103997,"3",32,1340,53,824,32,"Feliciano Lopez"
"28",2010-05-09,"Madrid Masters","Clay",56,"M",28,103852,103169,"3",32,1340,103,516,32,"Feliciano Lopez"
"29",2010-05-09,"Madrid Masters","Clay",56,"M",42,105208,103852,"3",34,1324,32,1340,32,"Feliciano Lopez"
"30",2010-05-24,"Roland Garros","Clay",128,"G",4,104714,103852,"5",165,296,31,1420,31,"Feliciano Lopez"
"31",2010-06-07,"Queen's Club","Grass",56,"A",28,103852,105777,"3",31,1385,360,102,31,"Feliciano Lopez"
"32",2010-06-07,"Queen's Club","Grass",56,"A",42,103852,103898,"3",31,1385,38,1059,31,"Feliciano Lopez"
"33",2010-06-07,"Queen's Club","Grass",56,"A",49,103852,104745,"3",31,1385,1,8700,31,"Feliciano Lopez"
"34",2010-06-07,"Queen's Club","Grass",56,"A",53,103888,103852,"3",90,591,31,1385,31,"Feliciano Lopez"
"35",2010-06-13,"Eastbourne","Grass",32,"A",16,104868,103852,"3",342,111,30,1455,30,"Feliciano Lopez"
"36",2010-06-21,"Wimbledon","Grass",128,"G",5,103852,105028,"5",30,1455,115,439,30,"Feliciano Lopez"
"37",2010-06-21,"Wimbledon","Grass",128,"G",67,103852,105575,"5",30,1455,156,322,30,"Feliciano Lopez"
"38",2010-06-21,"Wimbledon","Grass",128,"G",98,103781,103852,"5",16,2125,30,1455,30,"Feliciano Lopez"
"39",2010-07-09,"Davis Cup WG QF: FRA vs ESP","Hard",4,"D",5,103898,103852,"3",33,1229,25,1535,25,"Feliciano Lopez"
"40",2010-07-26,"Los Angeles","Hard",28,"A",15,103852,104534,"3",27,1535,104,518,27,"Feliciano Lopez"
"41",2010-07-26,"Los Angeles","Hard",28,"A",22,103852,103484,"3",27,1535,117,450,27,"Feliciano Lopez"
"42",2010-07-26,"Los Angeles","Hard",28,"A",25,104918,103852,"3",4,5155,27,1535,27,"Feliciano Lopez"
"43",2010-08-09,"Canada Masters","Hard",56,"M",8,105217,103852,"3",46,955,25,1515,25,"Feliciano Lopez"
"44",2010-08-15,"Cincinnati Masters","Hard",56,"M",1,103758,103852,"3",83,629,24,1515,24,"Feliciano Lopez"
"45",2010-08-30,"US Open","Hard",128,"G",5,103852,105053,"5",25,1515,60,818,25,"Feliciano Lopez"
"46",2010-08-30,"US Open","Hard",128,"G",67,103852,105332,"5",25,1515,163,294,25,"Feliciano Lopez"
"47",2010-08-30,"US Open","Hard",128,"G",98,103852,104660,"5",25,1515,36,1183,25,"Feliciano Lopez"
"48",2010-08-30,"US Open","Hard",128,"G",113,104745,103852,"5",1,10745,25,1515,25,"Feliciano Lopez"
"49",2010-10-04,"Tokyo","Hard",32,"A",8,103852,105223,"3",23,1685,36,1170,23,"Feliciano Lopez"
"50",2010-10-04,"Tokyo","Hard",32,"A",20,104198,103852,"3",39,1130,23,1685,23,"Feliciano Lopez"
"51",2010-10-10,"Shanghai Masters","Hard",56,"M",10,104542,103852,"3",13,2390,22,1685,22,"Feliciano Lopez"
"52",2010-10-18,"Stockholm","Hard",28,"A",10,104252,103852,"3",47,986,30,1335,30,"Feliciano Lopez"
"53",2010-10-31,"Valencia","Hard",32,"A",1,104918,103852,"3",4,6125,31,1335,31,"Feliciano Lopez"
"54",2010-11-07,"Paris Masters","Hard",48,"M",8,103096,103852,"3",72,697,31,1300,31,"Feliciano Lopez"
"55",2011-01-02,"Brisbane","Hard",32,"A",9,103852,104332,"3",32,1300,57,839,32,"Feliciano Lopez"
"56",2011-01-02,"Brisbane","Hard",32,"A",21,104731,103852,"3",61,813,32,1300,32,"Feliciano Lopez"
"57",2011-01-10,"Sydney","Hard",28,"A",10,105223,103852,"3",259,180,32,1310,32,"Feliciano Lopez"
"58",2011-01-17,"Australian Open","Hard",128,"G",4,103852,104268,"5",31,1310,103,540,31,"Feliciano Lopez"
"59",2011-01-17,"Australian Open","Hard",128,"G",66,106071,103852,"5",199,251,31,1310,31,"Feliciano Lopez"
"60",2011-01-31,"Johannesburg","Hard",32,"A",1,104433,103852,"3",234,207,33,1265,33,"Feliciano Lopez"
"61",2011-02-07,"Rotterdam","Hard",32,"A",15,103852,104252,"3",44,1025,35,1168,44,"Feliciano Lopez"
"62",2011-02-07,"Rotterdam","Hard",32,"A",24,104571,103852,"3",20,1580,44,1025,44,"Feliciano Lopez"
"63",2011-02-21,"Dubai","Hard",32,"A",15,103852,104229,"3",41,1060,42,1059,41,"Feliciano Lopez"
"64",2011-02-21,"Dubai","Hard",32,"A",24,104925,103852,"3",3,7880,41,1060,41,"Feliciano Lopez"
"65",2011-03-04,"Davis Cup WG R1: BEL vs ESP","Hard",4,"D",5,104327,103852,"3",129,439,40,1085,40,"Feliciano Lopez"
"66",2011-03-10,"Indian Wells Masters","Hard",96,"M",20,103898,103852,"3",82,600,41,1085,41,"Feliciano Lopez"
"67",2011-03-23,"Miami Masters","Hard",96,"M",2,103852,105575,"3",41,1050,75,663,41,"Feliciano Lopez"
"68",2011-03-23,"Miami Masters","Hard",96,"M",34,103852,103428,"3",41,1050,28,1305,41,"Feliciano Lopez"
"69",2011-03-23,"Miami Masters","Hard",96,"M",65,104745,103852,"3",1,12630,41,1050,41,"Feliciano Lopez"
"70",2011-04-10,"Monte Carlo Masters","Clay",56,"M",18,103852,104386,"3",43,1050,37,1100,43,"Feliciano Lopez"
"71",2011-04-10,"Monte Carlo Masters","Clay",56,"M",36,103970,103852,"3",6,4600,43,1050,43,"Feliciano Lopez"
"72",2011-04-18,"Barcelona","Clay",56,"A",11,103852,105062,"3",42,1050,65,800,42,"Feliciano Lopez"
"73",2011-04-18,"Barcelona","Clay",56,"A",31,103852,104198,"3",42,1050,26,1330,42,"Feliciano Lopez"
"74",2011-04-18,"Barcelona","Clay",56,"A",44,103852,105453,"3",42,1050,48,962,42,"Feliciano Lopez"
"75",2011-04-18,"Barcelona","Clay",56,"A",50,104471,103852,"3",56,879,42,1050,42,"Feliciano Lopez"
"76",2011-04-25,"Belgrade","Clay",28,"A",7,103852,104338,"3",37,1095,38,1085,37,"Feliciano Lopez"
"77",2011-04-25,"Belgrade","Clay",28,"A",17,103852,103602,"3",37,1095,516,55,37,"Feliciano Lopez"
"78",2011-04-25,"Belgrade","Clay",28,"A",23,103852,103656,"3",37,1095,28,1270,37,"Feliciano Lopez"
"79",2011-04-25,"Belgrade","Clay",28,"A",26,103852,103835,"3",37,1095,80,656,37,"Feliciano Lopez"
"80",2011-04-25,"Belgrade","Clay",28,"A",27,104925,103852,"3",2,9640,37,1095,37,"Feliciano Lopez"
"81",2011-05-01,"Madrid Masters","Clay",56,"M",7,103852,105683,"3",39,1065,25,1357,39,"Feliciano Lopez"
"82",2011-05-01,"Madrid Masters","Clay",56,"M",29,103819,103852,"3",3,8690,39,1065,39,"Feliciano Lopez"
"83",2011-05-08,"Rome Masters","Clay",56,"M",2,103852,103566,"3",40,1065,21,1455,40,"Feliciano Lopez"
"84",2011-05-08,"Rome Masters","Clay",56,"M",26,103852,104259,"3",40,1065,45,1010,40,"Feliciano Lopez"
"85",2011-05-08,"Rome Masters","Clay",56,"M",41,104745,103852,"3",1,12470,40,1065,40,"Feliciano Lopez"
"86",2011-05-22,"Roland Garros","Clay",128,"G",48,103819,103852,"5",3,8390,41,1065,41,"Feliciano Lopez"
"87",2011-06-06,"Queen's Club","Grass",56,"A",18,103852,104098,"3",41,1065,70,689,41,"Feliciano Lopez"
"88",2011-06-06,"Queen's Club","Grass",56,"A",36,104053,103852,"3",10,2200,41,1065,41,"Feliciano Lopez"
"89",2011-06-12,"Eastbourne","Grass",32,"A",7,105777,105554,"3",64,781,305,149,305,"Daniel Evans"
"90",2011-06-20,"Wimbledon","Grass",128,"G",30,103852,103582,"5",44,1020,76,635,44,"Feliciano Lopez"
"91",2011-06-20,"Wimbledon","Grass",128,"G",53,104252,105554,"5",18,1600,301,149,301,"Daniel Evans"
"92",2011-06-20,"Wimbledon","Grass",128,"G",79,103852,102783,"5",44,1020,113,481,44,"Feliciano Lopez"
"93",2011-06-20,"Wimbledon","Grass",128,"G",104,103852,104053,"5",44,1020,10,2200,44,"Feliciano Lopez"
"94",2011-06-20,"Wimbledon","Grass",128,"G",116,103852,103997,"5",44,1020,93,563,44,"Feliciano Lopez"
"95",2011-06-20,"Wimbledon","Grass",128,"G",122,104918,103852,"5",4,6855,44,1020,44,"Feliciano Lopez"
"96",2011-07-08,"Davis Cup WG QF: USA vs ESP","Hard",4,"D",1,103852,103888,"5",31,1290,8,2650,31,"Feliciano Lopez"
"97",2011-07-25,"Gstaad","Clay",28,"A",3,103852,103967,"3",24,1390,365,113,24,"Feliciano Lopez"
"98",2011-07-25,"Gstaad","Clay",28,"A",14,103852,104593,"3",24,1390,67,725,24,"Feliciano Lopez"
"99",2011-07-25,"Gstaad","Clay",28,"A",21,104597,103852,"3",10,2165,24,1390,24,"Feliciano Lopez"
"100",2011-07-31,"Kitzbuhel","Clay",28,"A",20,104898,103852,"3",53,886,28,1345,28,"Feliciano Lopez"
"101",2011-08-08,"Canada Masters","Hard",56,"M",13,103852,103285,"3",25,1345,27,1338,25,"Feliciano Lopez"
"102",2011-08-08,"Canada Masters","Hard",56,"M",33,103888,103852,"3",8,2505,25,1345,25,"Feliciano Lopez"
"103",2011-08-14,"Cincinnati Masters","Hard",56,"M",5,103852,103507,"3",25,1380,106,530,25,"Feliciano Lopez"
"104",2011-08-14,"Cincinnati Masters","Hard",56,"M",27,104259,103852,"3",47,910,25,1380,25,"Feliciano Lopez"
"105",2011-08-29,"US Open","Hard",128,"G",45,103852,105147,"5",26,1415,127,440,26,"Feliciano Lopez"
"106",2011-08-29,"US Open","Hard",128,"G",87,103852,105577,"5",26,1415,143,382,26,"Feliciano Lopez"
"107",2011-08-29,"US Open","Hard",128,"G",108,104918,103852,"5",4,6535,26,1415,26,"Feliciano Lopez"
"108",2011-10-03,"Beijing","Hard",32,"A",11,103852,104947,"3",28,1325,114,510,28,"Feliciano Lopez"
"109",2011-10-03,"Beijing","Hard",32,"A",22,104022,103852,"3",37,1090,28,1325,28,"Feliciano Lopez"
"110",2011-10-09,"Shanghai Masters","Hard",56,"M",4,103852,104386,"3",28,1325,13,2075,28,"Feliciano Lopez"
"111",2011-10-09,"Shanghai Masters","Hard",56,"M",27,103852,104166,"3",28,1325,38,1076,28,"Feliciano Lopez"
"112",2011-10-09,"Shanghai Masters","Hard",56,"M",42,103852,104607,"3",28,1325,7,3230,28,"Feliciano Lopez"
"113",2011-10-09,"Shanghai Masters","Hard",56,"M",49,103852,104252,"3",28,1325,23,1645,28,"Feliciano Lopez"
"114",2011-10-09,"Shanghai Masters","Hard",56,"M",53,103970,103852,"3",5,4200,28,1325,28,"Feliciano Lopez"
"115",2011-10-31,"Valencia","Hard",32,"A",8,104166,103852,"3",33,1170,21,1675,21,"Feliciano Lopez"
"116",2011-11-07,"Paris Masters","Hard",48,"M",22,104545,103852,"3",25,1450,21,1675,21,"Feliciano Lopez"
"117",2011-11-07,"Paris Masters","Hard",48,"M",23,103852,103566,"3",21,1675,32,1265,21,"Feliciano Lopez"
"118",2011-11-07,"Paris Masters","Hard",48,"M",24,103852,104792,"3",21,1675,10,2525,21,"Feliciano Lopez"
"119",2012-01-09,"Sydney","Hard",28,"A",15,103898,103852,"3",49,900,19,1755,19,"Feliciano Lopez"
"120",2012-01-16,"Australian Open","Hard",128,"G",60,103852,104919,"5",19,1755,80,659,19,"Feliciano Lopez"
"121",2012-01-16,"Australian Open","Hard",128,"G",94,103852,104262,"5",19,1755,76,671,19,"Feliciano Lopez"
"122",2012-01-16,"Australian Open","Hard",128,"G",111,103852,104545,"5",19,1755,17,1800,19,"Feliciano Lopez"
"123",2012-01-16,"Australian Open","Hard",128,"G",120,104745,103852,"5",2,9595,19,1755,19,"Feliciano Lopez"
"124",2012-01-30,"Montpellier","Hard",28,"A",10,103852,103857,"3",15,1890,80,657,15,"Feliciano Lopez"
"125",2012-01-30,"Montpellier","Hard",28,"A",19,105558,103852,"3",209,228,15,1890,15,"Feliciano Lopez"
"126",2012-01-30,"Zagreb","Hard",32,"A",11,104198,105554,"3",77,675,296,152,296,"Daniel Evans"
"127",2012-02-10,"Davis Cup G1 R1: GBR vs SVK","Hard",4,"D",1,105554,105041,"5",276,164,65,726,276,"Daniel Evans"
"128",2012-02-10,"Davis Cup G1 R1: GBR vs SVK","Hard",4,"D",5,105554,105373,"5",276,164,120,482,276,"Daniel Evans"
"129",2012-02-13,"Rotterdam","Hard",32,"A",5,103908,103852,"3",733,20,15,1890,15,"Feliciano Lopez"
"130",2012-02-27,"Dubai","Hard",32,"A",15,103852,103917,"3",15,1890,83,638,15,"Feliciano Lopez"
"131",2012-02-27,"Dubai","Hard",32,"A",24,103819,103852,"3",3,8235,15,1890,15,"Feliciano Lopez"
"132",2012-03-08,"Indian Wells Masters","Hard",96,"M",61,104571,103852,"3",47,975,15,1890,15,"Feliciano Lopez"
"133",2012-03-21,"Miami Masters","Hard",96,"M",36,105077,103852,"3",56,832,15,1890,15,"Feliciano Lopez"
"134",2012-04-06,"Davis Cup G1 R2: GBR vs BEL","Hard",4,"D",2,103694,105554,"5",59,801,344,123,344,"Daniel Evans"
"135",2012-04-06,"Davis Cup G1 R2: GBR vs BEL","Hard",4,"D",5,105074,105554,"3",145,375,344,123,344,"Daniel Evans"
"136",2012-04-09,"Houston","Clay",28,"A",18,103852,103893,"3",15,1855,96,563,15,"Feliciano Lopez"
"137",2012-04-09,"Houston","Clay",28,"A",23,103852,104122,"3",15,1855,37,1051,15,"Feliciano Lopez"
"138",2012-04-09,"Houston","Clay",28,"A",26,104545,103852,"3",10,2710,15,1855,15,"Feliciano Lopez"
"139",2012-04-15,"Monte Carlo Masters","Clay",56,"M",21,104527,103852,"3",26,1290,16,1900,16,"Feliciano Lopez"
"140",2012-04-23,"Barcelona","Clay",56,"A",33,103852,104262,"3",16,1855,70,686,16,"Feliciano Lopez"
"141",2012-04-23,"Barcelona","Clay",56,"A",45,103852,103813,"3",16,1855,47,968,16,"Feliciano Lopez"
"142",2012-04-23,"Barcelona","Clay",56,"A",51,103970,103852,"3",6,4160,16,1855,16,"Feliciano Lopez"
"143",2012-04-30,"Munich","Clay",28,"A",20,103852,104660,"3",16,1795,68,700,16,"Feliciano Lopez"
"144",2012-04-30,"Munich","Clay",28,"A",24,103852,106071,"3",16,1795,33,1165,16,"Feliciano Lopez"
"145",2012-04-30,"Munich","Clay",28,"A",26,104259,103852,"3",34,1155,16,1795,16,"Feliciano Lopez"
"146",2012-05-06,"Madrid Masters","Clay",56,"M",3,103781,103852,"3",33,1182,16,1840,16,"Feliciano Lopez"
"147",2012-05-13,"Rome Masters","Clay",56,"M",22,104719,103852,"3",26,1295,17,1760,17,"Feliciano Lopez"
"148",2012-05-27,"Roland Garros","Clay",128,"G",24,103722,103852,"5",156,336,17,1725,17,"Feliciano Lopez"
"149",2012-06-11,"Queen's Club","Grass",56,"A",28,103852,104327,"3",17,1725,71,655,17,"Feliciano Lopez"
"150",2012-06-11,"Queen's Club","Grass",56,"A",42,104731,103852,"3",30,1215,17,1725,17,"Feliciano Lopez"
"151",2012-06-25,"Wimbledon","Grass",128,"G",57,103813,103852,"5",44,932,17,1725,17,"Feliciano Lopez"
"152",2012-07-16,"Gstaad","Clay",28,"A",7,103852,104494,"3",30,1275,102,548,30,"Feliciano Lopez"
"153",2012-07-16,"Gstaad","Clay",28,"A",17,103852,104225,"3",30,1275,90,579,30,"Feliciano Lopez"
"154",2012-07-16,"Gstaad","Clay",28,"A",23,105064,103852,"3",60,767,30,1275,30,"Feliciano Lopez"
"155",2012-07-25,"London Olympics","Grass",64,"A",27,103852,104098,"3",30,1275,138,395,30,"Feliciano Lopez"
"156",2012-07-25,"London Olympics","Grass",64,"A",46,103852,104338,"3",30,1275,10,2695,30,"Feliciano Lopez"
"157",2012-07-25,"London Olympics","Grass",64,"A",55,104542,103852,"3",6,5230,30,1275,30,"Feliciano Lopez"
"158",2012-08-12,"Cincinnati Masters","Hard",56,"M",4,103888,103852,"3",20,1715,31,1255,31,"Feliciano Lopez"
"159",2012-08-19,"Winston-Salem","Hard",48,"A",26,103852,105385,"3",31,1220,80,630,31,"Feliciano Lopez"
"160",2012-08-19,"Winston-Salem","Hard",48,"A",37,105023,103852,"3",28,1295,31,1220,31,"Feliciano Lopez"
"161",2012-08-27,"US Open","Hard",128,"G",20,103852,104898,"5",31,1220,48,875,31,"Feliciano Lopez"
"162",2012-08-27,"US Open","Hard",128,"G",74,103852,104665,"5",31,1220,37,1065,31,"Feliciano Lopez"
"163",2012-08-27,"US Open","Hard",128,"G",101,104918,103852,"5",4,7290,31,1220,31,"Feliciano Lopez"
"164",2012-09-24,"Kuala Lumpur","Hard",28,"A",3,103852,105041,"3",32,1220,66,688,32,"Feliciano Lopez"
"165",2012-09-24,"Kuala Lumpur","Hard",28,"A",14,104997,103852,"3",97,562,32,1220,32,"Feliciano Lopez"
"166",2012-10-01,"Beijing","Hard",32,"A",15,103852,105992,"3",30,1220,54,785,30,"Feliciano Lopez"
"167",2012-10-01,"Beijing","Hard",32,"A",24,103852,104229,"3",30,1220,64,694,30,"Feliciano Lopez"
"168",2012-10-01,"Beijing","Hard",32,"A",28,103852,105023,"3",30,1220,26,1440,30,"Feliciano Lopez"
"169",2012-10-01,"Beijing","Hard",32,"A",30,104542,103852,"3",7,4520,30,1220,30,"Feliciano Lopez"
"170",2012-10-07,"Shanghai Masters","Hard",56,"M",23,103852,104268,"3",29,1355,53,775,29,"Feliciano Lopez"
"171",2012-10-07,"Shanghai Masters","Hard",56,"M",39,103852,104259,"3",29,1355,19,1855,29,"Feliciano Lopez"
"172",2012-10-07,"Shanghai Masters","Hard",56,"M",48,104925,103852,"3",2,10970,29,1355,29,"Feliciano Lopez"
"173",2012-10-15,"Stockholm","Hard",28,"A",3,103852,103908,"3",34,1085,100,538,34,"Feliciano Lopez"
"174",2012-10-15,"Stockholm","Hard",28,"A",14,104660,103852,"3",92,563,34,1085,34,"Feliciano Lopez"
"175",2012-10-21,"Valencia","Hard",32,"A",3,105023,103852,"3",23,1560,35,1085,35,"Feliciano Lopez"
"176",2012-10-29,"Paris Masters","Hard",48,"M",10,105077,103852,"3",48,830,36,1085,36,"Feliciano Lopez"
"177",2012-12-31,"Doha","Hard",32,"A",8,103997,103852,"3",74,675,40,1005,40,"Feliciano Lopez"
"178",2013-01-07,"Sydney","Hard",28,"A",6,103852,104871,"3",42,1005,37,1063,42,"Feliciano Lopez"
"179",2013-01-07,"Sydney","Hard",28,"A",16,104731,103852,"3",36,1065,42,1005,42,"Feliciano Lopez"
"180",2013-01-14,"Australian Open","Hard",128,"G",3,103852,104516,"5",42,1005,198,241,42,"Feliciano Lopez"
"181",2013-01-14,"Australian Open","Hard",128,"G",66,103285,103852,"5",34,1090,42,1005,42,"Feliciano Lopez"
"182",2013-02-18,"Memphis","Hard",32,"A",14,103852,103794,"3",47,870,64,765,47,"Feliciano Lopez"
"183",2013-02-18,"Memphis","Hard",32,"A",23,103852,103163,"3",47,870,18,1815,47,"Feliciano Lopez"
"184",2013-02-18,"Memphis","Hard",32,"A",28,103852,106058,"3",47,870,168,328,47,"Feliciano Lopez"
"185",2013-02-18,"Memphis","Hard",32,"A",30,103852,104797,"3",47,870,63,770,47,"Feliciano Lopez"
"186",2013-02-18,"Memphis","Hard",32,"A",31,105453,103852,"3",22,1690,47,870,47,"Feliciano Lopez"
"187",2013-03-07,"Indian Wells Masters","Hard",96,"M",28,105208,103852,"3",67,705,34,1125,34,"Feliciano Lopez"
"188",2013-04-05,"Davis Cup G1 R2: GBR vs RUS","Hard",4,"D",1,104098,105554,"5",67,719,325,131,325,"Daniel Evans"
"189",2013-04-05,"Davis Cup G1 R2: GBR vs RUS","Hard",4,"D",5,105554,105539,"5",325,131,80,649,325,"Daniel Evans"
"190",2013-05-05,"Madrid Masters","Clay",56,"M",19,104593,103852,"3",52,837,45,930,45,"Feliciano Lopez"
"191",2013-05-12,"Rome Masters","Clay",56,"M",17,104871,103852,"3",29,1301,43,930,43,"Feliciano Lopez"
"192",2013-05-27,"Roland Garros","Clay",128,"G",45,103852,104719,"5",43,930,33,1145,43,"Feliciano Lopez"
"193",2013-05-27,"Roland Garros","Clay",128,"G",87,103852,105311,"5",43,930,119,447,43,"Feliciano Lopez"
"194",2013-05-27,"Roland Garros","Clay",128,"G",108,103970,103852,"5",5,6740,43,930,43,"Feliciano Lopez"
"195",2013-06-10,"Queen's Club","Grass",56,"A",17,105554,105550,"3",277,166,75,674,277,"Daniel Evans"
"196",2013-06-10,"Queen's Club","Grass",56,"A",20,103852,105575,"3",39,1010,69,711,39,"Feliciano Lopez"
"197",2013-06-10,"Queen's Club","Grass",56,"A",35,105554,103813,"3",277,166,37,1075,277,"Daniel Evans"
"198",2013-06-10,"Queen's Club","Grass",56,"A",38,103852,103898,"3",39,1010,32,1200,39,"Feliciano Lopez"
"199",2013-06-10,"Queen's Club","Grass",56,"A",46,105223,105554,"3",8,3960,277,166,277,"Daniel Evans"
"200",2013-06-10,"Queen's Club","Grass",56,"A",47,105227,103852,"3",12,2570,39,1010,39,"Feliciano Lopez"
"201",2013-06-17,"Eastbourne","Grass",28,"A",4,103852,103813,"3",39,1015,37,1075,39,"Feliciano Lopez"
"202",2013-06-17,"Eastbourne","Grass",28,"A",15,103852,104338,"3",39,1015,20,1740,39,"Feliciano Lopez"
"203",2013-06-17,"Eastbourne","Grass",28,"A",22,103852,104269,"3",39,1015,58,785,39,"Feliciano Lopez"
"204",2013-06-17,"Eastbourne","Grass",28,"A",25,103852,104471,"3",39,1015,54,808,39,"Feliciano Lopez"
"205",2013-06-17,"Eastbourne","Grass",28,"A",27,103852,104468,"3",39,1015,17,1985,39,"Feliciano Lopez"
"206",2013-06-24,"Wimbledon","Grass",128,"G",5,103852,104468,"5",32,1245,17,2090,32,"Feliciano Lopez"
"207",2013-06-24,"Wimbledon","Grass",128,"G",67,103852,103908,"5",32,1245,82,616,32,"Feliciano Lopez"
"208",2013-06-24,"Wimbledon","Grass",128,"G",98,103163,103852,"5",13,2425,32,1245,32,"Feliciano Lopez"
"209",2013-07-15,"Hamburg","Clay",48,"A",19,103852,105526,"3",31,1325,105,536,31,"Feliciano Lopez"
"210",2013-07-15,"Hamburg","Clay",48,"A",34,104252,103852,"3",45,905,31,1325,31,"Feliciano Lopez"
"211",2013-07-22,"Gstaad","Clay",28,"A",10,103852,103401,"3",29,1325,183,262,29,"Feliciano Lopez"
"212",2013-07-22,"Gstaad","Clay",28,"A",19,103852,105723,"3",29,1325,82,634,29,"Feliciano Lopez"
"213",2013-07-22,"Gstaad","Clay",28,"A",24,103852,104527,"3",29,1325,10,2915,29,"Feliciano Lopez"
"214",2013-07-22,"Gstaad","Clay",28,"A",26,104898,103852,"3",57,817,29,1325,29,"Feliciano Lopez"
"215",2013-08-05,"Canada Masters","Hard",56,"M",23,105208,103852,"3",38,1035,29,1345,29,"Feliciano Lopez"
"216",2013-08-11,"Cincinnati Masters","Hard",56,"M",10,103852,105453,"3",27,1355,12,2485,27,"Feliciano Lopez"
"217",2013-08-11,"Cincinnati Masters","Hard",56,"M",31,103852,104871,"3",27,1355,30,1281,27,"Feliciano Lopez"
"218",2013-08-11,"Cincinnati Masters","Hard",56,"M",44,105223,103852,"3",7,4740,27,1355,27,"Feliciano Lopez"
"219",2013-08-26,"US Open","Hard",128,"G",37,103852,103722,"5",26,1435,206,223,26,"Feliciano Lopez"
"220",2013-08-26,"US Open","Hard",128,"G",56,105554,105453,"5",179,269,12,2405,179,"Daniel Evans"
"221",2013-08-26,"US Open","Hard",128,"G",83,103852,105614,"5",26,1435,124,460,26,"Feliciano Lopez"
"222",2013-08-26,"US Open","Hard",128,"G",92,105554,106071,"5",179,269,52,870,179,"Daniel Evans"
"223",2013-08-26,"US Open","Hard",128,"G",106,105683,103852,"5",11,2555,26,1435,26,"Feliciano Lopez"
"224",2013-08-26,"US Open","Hard",128,"G",110,103990,105554,"5",22,1620,179,269,179,"Daniel Evans"
"225",2013-09-13,"Davis Cup WG PO: CRO vs GBR","Clay",4,"D",2,104471,105554,"5",35,1170,149,378,149,"Daniel Evans"
"226",2013-09-13,"Davis Cup WG PO: CRO vs GBR","Clay",4,"D",5,105554,106207,"3",149,378,374,106,149,"Daniel Evans"
"227",2013-09-23,"Bangkok","Hard",28,"A",7,103852,111513,"3",25,1435,616,42,25,"Feliciano Lopez"
"228",2013-09-23,"Bangkok","Hard",28,"A",17,103852,104424,"3",25,1435,123,463,25,"Feliciano Lopez"
"229",2013-09-23,"Bangkok","Hard",28,"A",23,105683,103852,"3",11,2610,25,1435,25,"Feliciano Lopez"
"230",2013-09-30,"Tokyo","Hard",32,"A",6,103852,105147,"3",24,1455,160,328,24,"Feliciano Lopez"
"231",2013-09-30,"Tokyo","Hard",32,"A",19,105453,103852,"3",13,2250,24,1455,24,"Feliciano Lopez"
"232",2013-10-07,"Shanghai Masters","Hard",56,"M",18,103852,103813,"3",30,1320,41,1050,30,"Feliciano Lopez"
"233",2013-10-07,"Shanghai Masters","Hard",56,"M",36,104607,103852,"3",6,4610,30,1320,30,"Feliciano Lopez"
"234",2013-10-21,"Valencia","Hard",32,"A",2,103898,103852,"3",33,1195,30,1275,30,"Feliciano Lopez"
"235",2013-10-28,"Paris Masters","Hard",48,"M",13,103852,106071,"3",29,1275,55,890,29,"Feliciano Lopez"
"236",2013-10-28,"Paris Masters","Hard",48,"M",29,104527,103852,"3",8,3240,29,1275,29,"Feliciano Lopez"
"237",2013-12-29,"Brisbane","Hard",28,"A",7,103852,105062,"3",28,1310,67,721,28,"Feliciano Lopez"
"238",2013-12-29,"Brisbane","Hard",28,"A",17,103720,103852,"3",60,780,28,1310,28,"Feliciano Lopez"
"239",2013-12-30,"Doha","Hard",32,"A",4,105208,105554,"3",24,1393,150,346,150,"Daniel Evans"
"240",2014-01-13,"Australian Open","Hard",128,"G",20,103852,104500,"5",27,1310,97,579,27,"Feliciano Lopez"
"241",2014-01-13,"Australian Open","Hard",128,"G",74,103852,103582,"5",27,1310,144,391,27,"Feliciano Lopez"
"242",2014-01-13,"Australian Open","Hard",128,"G",101,104918,103852,"5",4,5560,27,1310,27,"Feliciano Lopez"
"243",2014-01-31,"Davis Cup WG R1: GER vs ESP","Hard",4,"D",2,104252,103852,"5",29,1245,26,1355,26,"Feliciano Lopez"
"244",2014-01-31,"Davis Cup WG R1: GER vs ESP","Hard",4,"D",4,103852,104259,"3",26,1355,27,1330,26,"Feliciano Lopez"
"245",2014-02-03,"Zagreb","Hard",28,"A",6,105554,104225,"3",147,362,106,540,147,"Daniel Evans"
"246",2014-02-03,"Zagreb","Hard",28,"A",16,105554,103582,"3",147,362,148,360,147,"Daniel Evans"
"247",2014-02-03,"Zagreb","Hard",28,"A",22,105554,104259,"3",147,362,27,1330,147,"Daniel Evans"
"248",2014-02-03,"Zagreb","Hard",28,"A",25,103163,105554,"3",12,2435,147,362,147,"Daniel Evans"
"249",2014-02-10,"Memphis","Hard",28,"A",20,103333,103852,"3",80,667,26,1355,26,"Feliciano Lopez"
"250",2014-02-17,"Delray Beach","Hard",32,"A",4,103852,105023,"3",27,1355,57,800,27,"Feliciano Lopez"
"251",2014-02-17,"Delray Beach","Hard",32,"A",18,103852,105173,"3",27,1355,70,714,27,"Feliciano Lopez"
"252",2014-02-17,"Delray Beach","Hard",32,"A",25,105449,103852,"3",142,390,27,1355,27,"Feliciano Lopez"
"253",2014-02-17,"Marseille","Hard",28,"A",11,104660,105554,"3",91,611,124,457,124,"Daniel Evans"
"254",2014-02-24,"Acapulco","Hard",32,"A",2,103852,104273,"3",37,1100,35,1133,37,"Feliciano Lopez"
"255",2014-02-24,"Acapulco","Hard",32,"A",17,103970,103852,"3",4,5370,37,1100,37,"Feliciano Lopez"
"256",2014-03-06,"Indian Wells Masters","Hard",96,"M",25,103852,104534,"3",37,1100,61,748,37,"Feliciano Lopez"
"257",2014-03-06,"Indian Wells Masters","Hard",96,"M",57,103852,104868,"3",37,1100,160,336,37,"Feliciano Lopez"
"258",2014-03-06,"Indian Wells Masters","Hard",96,"M",77,103852,105062,"3",37,1100,58,781,37,"Feliciano Lopez"
"259",2014-03-06,"Indian Wells Masters","Hard",96,"M",87,103898,103852,"3",65,730,37,1100,37,"Feliciano Lopez"
"260",2014-03-19,"Miami Masters","Hard",96,"M",58,103852,106210,"3",34,1180,73,685,34,"Feliciano Lopez"
"261",2014-03-19,"Miami Masters","Hard",96,"M",77,104918,103852,"3",6,4795,34,1180,34,"Feliciano Lopez"
"262",2014-04-07,"Houston","Clay",28,"A",10,103852,104068,"3",31,1225,329,134,31,"Feliciano Lopez"
"263",2014-04-07,"Houston","Clay",28,"A",19,105292,103852,"3",79,651,31,1225,31,"Feliciano Lopez"
"264",2014-04-21,"Barcelona","Clay",48,"A",18,104471,103852,"3",37,1110,30,1225,30,"Feliciano Lopez"
"265",2014-04-28,"Munich","Clay",28,"A",6,105526,103852,"3",96,593,30,1225,30,"Feliciano Lopez"
"266",2014-05-04,"Madrid Masters","Clay",56,"M",17,103852,105643,"3",29,1225,42,1023,29,"Feliciano Lopez"
"267",2014-05-04,"Madrid Masters","Clay",56,"M",35,103852,104022,"3",29,1225,16,2065,29,"Feliciano Lopez"
"268",2014-05-04,"Madrid Masters","Clay",56,"M",46,103852,106233,"3",29,1225,70,687,29,"Feliciano Lopez"
"269",2014-05-04,"Madrid Masters","Clay",56,"M",51,105453,103852,"3",12,2440,29,1225,29,"Feliciano Lopez"
"270",2014-05-11,"Rome Masters","Clay",56,"M",6,104719,103852,"3",31,1215,27,1395,27,"Feliciano Lopez"
"271",2014-05-26,"Roland Garros","Clay",128,"G",20,103852,106000,"5",27,1395,129,431,27,"Feliciano Lopez"
"272",2014-05-26,"Roland Garros","Clay",128,"G",74,105385,103852,"5",79,647,27,1395,27,"Feliciano Lopez"
"273",2014-06-09,"Queen's Club","Grass",56,"A",13,105554,103781,"3",139,414,51,870,139,"Daniel Evans"
"274",2014-06-09,"Queen's Club","Grass",56,"A",21,103852,105583,"3",29,1350,76,692,29,"Feliciano Lopez"
"275",2014-06-09,"Queen's Club","Grass",56,"A",33,104731,105554,"3",18,1710,139,414,139,"Daniel Evans"
"276",2014-06-09,"Queen's Club","Grass",56,"A",38,103852,103720,"3",29,1350,43,1030,29,"Feliciano Lopez"
"277",2014-06-09,"Queen's Club","Grass",56,"A",47,103852,104932,"3",29,1350,66,723,29,"Feliciano Lopez"
"278",2014-06-09,"Queen's Club","Grass",56,"A",52,103852,104607,"3",29,1350,6,4680,29,"Feliciano Lopez"
"279",2014-06-09,"Queen's Club","Grass",56,"A",54,103852,103285,"3",29,1350,42,1040,29,"Feliciano Lopez"
"280",2014-06-09,"Queen's Club","Grass",56,"A",55,105777,103852,"3",13,2435,29,1350,29,"Feliciano Lopez"
"281",2014-06-16,"Eastbourne","Grass",28,"A",9,104735,105554,"3",90,607,144,404,144,"Daniel Evans"
"282",2014-06-16,"Eastbourne","Grass",28,"A",18,103852,104735,"3",25,1455,90,607,25,"Feliciano Lopez"
"283",2014-06-16,"Eastbourne","Grass",28,"A",23,103852,104871,"3",25,1455,43,1015,25,"Feliciano Lopez"
"284",2014-06-16,"Eastbourne","Grass",28,"A",26,103852,105023,"3",25,1455,77,685,25,"Feliciano Lopez"
"285",2014-06-16,"Eastbourne","Grass",28,"A",27,103852,104755,"3",25,1455,14,2310,25,"Feliciano Lopez"
"286",2014-06-23,"Wimbledon","Grass",128,"G",31,105723,105554,"5",118,519,143,404,143,"Daniel Evans"
"287",2014-06-23,"Wimbledon","Grass",128,"G",37,103852,105216,"5",26,1455,145,399,26,"Feliciano Lopez"
"288",2014-06-23,"Wimbledon","Grass",128,"G",83,103852,105302,"5",26,1455,163,345,26,"Feliciano Lopez"
"289",2014-06-23,"Wimbledon","Grass",128,"G",106,103852,104545,"5",26,1455,11,2690,26,"Feliciano Lopez"
"290",2014-06-23,"Wimbledon","Grass",128,"G",117,104527,103852,"5",3,5420,26,1455,26,"Feliciano Lopez"
"291",2014-07-07,"Stuttgart","Clay",28,"A",18,103852,104593,"3",24,1545,94,587,24,"Feliciano Lopez"
"292",2014-07-07,"Stuttgart","Clay",28,"A",23,104586,103852,"3",48,900,24,1545,24,"Feliciano Lopez"
"293",2014-07-28,"Washington","Hard",48,"A",20,103607,103852,"3",87,635,25,1500,25,"Feliciano Lopez"
"294",2014-08-04,"Canada Masters","Hard",56,"M",16,103852,105138,"3",25,1500,16,1785,25,"Feliciano Lopez"
"295",2014-08-04,"Canada Masters","Hard",56,"M",35,103852,105065,"3",25,1500,104,561,25,"Feliciano Lopez"
"296",2014-08-04,"Canada Masters","Hard",56,"M",46,103852,104607,"3",25,1500,5,4410,25,"Feliciano Lopez"
"297",2014-08-04,"Canada Masters","Hard",56,"M",51,103852,105683,"3",25,1500,6,4375,25,"Feliciano Lopez"
"298",2014-08-04,"Canada Masters","Hard",56,"M",54,103819,103852,"3",3,6070,25,1500,25,"Feliciano Lopez"
"299",2014-08-10,"Cincinnati Masters","Hard",56,"M",9,105227,103852,"3",19,1755,16,1850,16,"Feliciano Lopez"
"300",2014-08-25,"US Open","Hard",128,"G",37,103852,104471,"5",21,1770,53,850,21,"Feliciano Lopez"
"301",2014-08-25,"US Open","Hard",128,"G",83,103852,105147,"5",21,1770,126,478,21,"Feliciano Lopez"
"302",2014-08-25,"US Open","Hard",128,"G",106,106233,103852,"5",45,985,21,1770,21,"Feliciano Lopez"
"303",2014-09-29,"Beijing","Hard",32,"A",12,104607,103852,"3",6,4115,20,1770,20,"Feliciano Lopez"
"304",2014-10-05,"Shanghai Masters","Hard",56,"M",24,103852,106423,"3",21,1745,173,302,21,"Feliciano Lopez"
"305",2014-10-05,"Shanghai Masters","Hard",56,"M",40,103852,104745,"3",21,1745,2,8455,21,"Feliciano Lopez"
"306",2014-10-05,"Shanghai Masters","Hard",56,"M",48,103852,104545,"3",21,1745,14,1925,21,"Feliciano Lopez"
"307",2014-10-05,"Shanghai Masters","Hard",56,"M",52,103852,104022,"3",21,1745,35,1135,21,"Feliciano Lopez"
"308",2014-10-05,"Shanghai Masters","Hard",56,"M",54,104468,103852,"3",29,1220,21,1745,21,"Feliciano Lopez"
"309",2014-10-13,"Vienna","Hard",28,"A",18,105064,103852,"3",68,753,14,2060,14,"Feliciano Lopez"
"310",2014-10-20,"Valencia","Hard",32,"A",12,103852,105613,"3",15,2060,136,398,15,"Feliciano Lopez"
"311",2014-10-20,"Valencia","Hard",32,"A",22,105807,103852,"3",63,771,15,2060,15,"Feliciano Lopez"
"312",2014-10-27,"Paris Masters","Hard",48,"M",26,103852,105023,"3",14,2085,38,1020,14,"Feliciano Lopez"
"313",2014-10-27,"Paris Masters","Hard",48,"M",37,104607,103852,"3",5,4485,14,2085,14,"Feliciano Lopez"
"314",2015-01-05,"Chennai","Hard",28,"A",20,105379,103852,"3",156,325,14,2130,14,"Feliciano Lopez"
"315",2015-01-19,"Australian Open","Hard",128,"G",9,103852,106045,"5",14,2130,123,452,14,"Feliciano Lopez"
"316",2015-01-19,"Australian Open","Hard",128,"G",69,103852,105173,"5",14,2130,36,1043,14,"Feliciano Lopez"
"317",2015-01-19,"Australian Open","Hard",128,"G",99,103852,105668,"5",14,2130,44,925,14,"Feliciano Lopez"
"318",2015-01-19,"Australian Open","Hard",128,"G",114,105683,103852,"5",8,4575,14,2130,14,"Feliciano Lopez"
"319",2015-02-02,"Quito","Clay",28,"A",13,103852,105292,"3",14,2220,106,525,14,"Feliciano Lopez"
"320",2015-02-02,"Quito","Clay",28,"A",21,103852,105583,"3",14,2220,80,651,14,"Feliciano Lopez"
"321",2015-02-02,"Quito","Clay",28,"A",25,103852,104269,"3",14,2220,32,1180,14,"Feliciano Lopez"
"322",2015-02-02,"Quito","Clay",28,"A",27,103607,103852,"3",76,674,14,2220,14,"Feliciano Lopez"
"323",2015-02-23,"Dubai","Hard",32,"A",4,103852,104868,"3",13,2325,108,519,13,"Feliciano Lopez"
"324",2015-02-23,"Dubai","Hard",32,"A",18,104947,103852,"3",104,538,13,2325,13,"Feliciano Lopez"
"325",2015-03-12,"Indian Wells Masters","Hard",96,"M",45,103852,104273,"3",12,2325,145,375,12,"Feliciano Lopez"
"326",2015-03-12,"Indian Wells Masters","Hard",96,"M",71,103852,104655,"3",12,2325,23,1512,12,"Feliciano Lopez"
"327",2015-03-12,"Indian Wells Masters","Hard",96,"M",84,103852,105453,"3",12,2325,5,5415,12,"Feliciano Lopez"
"328",2015-03-12,"Indian Wells Masters","Hard",96,"M",90,104918,103852,"3",4,5425,12,2325,12,"Feliciano Lopez"
"329",2015-03-25,"Miami Masters","Hard",96,"M",52,106233,103852,"3",52,891,12,2415,12,"Feliciano Lopez"
"330",2015-04-06,"Houston","Clay",28,"A",13,103852,105032,"3",12,2380,93,578,12,"Feliciano Lopez"
"331",2015-04-06,"Houston","Clay",28,"A",21,105023,103852,"3",42,1040,12,2380,12,"Feliciano Lopez"
"332",2015-04-20,"Barcelona","Clay",48,"A",29,103852,104947,"3",12,2380,84,611,12,"Feliciano Lopez"
"333",2015-04-20,"Barcelona","Clay",48,"A",39,104665,103852,"3",66,745,12,2380,12,"Feliciano Lopez"
"334",2015-04-27,"Estoril","Clay",28,"A",13,104898,103852,"3",101,532,12,2380,12,"Feliciano Lopez"
"335",2015-05-03,"Madrid Masters","Clay",56,"M",21,103852,103794,"3",12,2380,45,990,12,"Feliciano Lopez"
"336",2015-05-03,"Madrid Masters","Clay",56,"M",38,104919,103852,"3",27,1352,12,2380,12,"Feliciano Lopez"
"337",2015-05-10,"Rome Masters","Clay",56,"M",4,103852,106401,"3",13,2245,30,1220,13,"Feliciano Lopez"
"338",2015-05-10,"Rome Masters","Clay",56,"M",27,104678,103852,"3",34,1147,13,2245,13,"Feliciano Lopez"
"339",2015-05-24,"Roland Garros","Clay",128,"G",40,104559,103852,"5",74,677,12,2280,12,"Feliciano Lopez"
"340",2015-06-08,"Stuttgart","Grass",28,"A",18,105032,103852,"3",66,753,14,2245,14,"Feliciano Lopez"
"341",2015-06-15,"Queen's Club","Grass",32,"A",8,103852,105311,"3",14,2140,44,1043,14,"Feliciano Lopez"
"342",2015-06-15,"Queen's Club","Grass",32,"A",20,104545,103852,"3",18,1845,14,2140,14,"Feliciano Lopez"
"343",2015-06-21,"Nottingham","Grass",48,"A",28,103852,126203,"3",16,1935,761,27,16,"Feliciano Lopez"
"344",2015-06-21,"Nottingham","Grass",48,"A",38,104229,103852,"3",61,764,16,1935,16,"Feliciano Lopez"
"345",2015-06-29,"Wimbledon","Grass",128,"G",57,103852,104327,"5",16,1935,80,664,16,"Feliciano Lopez"
"346",2015-06-29,"Wimbledon","Grass",128,"G",93,105932,103852,"5",153,351,16,1935,16,"Feliciano Lopez"
"347",2015-07-27,"Gstaad","Clay",28,"A",20,103852,104714,"3",18,1800,759,27,18,"Feliciano Lopez"
"348",2015-07-27,"Gstaad","Clay",28,"A",24,103852,105053,"3",18,1800,59,790,18,"Feliciano Lopez"
"349",2015-07-27,"Gstaad","Clay",28,"A",26,106233,103852,"3",24,1475,18,1800,18,"Feliciano Lopez"
"350",2015-08-03,"Washington","Hard",48,"A",29,103852,103720,"3",19,1845,283,165,19,"Feliciano Lopez"
"351",2015-08-03,"Washington","Hard",48,"A",39,105032,103852,"3",62,773,19,1845,19,"Feliciano Lopez"
"352",2015-08-10,"Canada Masters","Hard",56,"M",24,103990,103852,"3",22,1495,21,1530,21,"Feliciano Lopez"
"353",2015-08-16,"Cincinnati Masters","Hard",56,"M",21,103852,105683,"3",23,1530,10,2925,23,"Feliciano Lopez"
"354",2015-08-16,"Cincinnati Masters","Hard",56,"M",38,103852,104312,"3",23,1530,25,1430,23,"Feliciano Lopez"
"355",2015-08-16,"Cincinnati Masters","Hard",56,"M",47,103852,104745,"3",23,1530,8,3680,23,"Feliciano Lopez"
"356",2015-08-16,"Cincinnati Masters","Hard",56,"M",52,103819,103852,"3",3,8065,23,1530,23,"Feliciano Lopez"
"357",2015-08-31,"US Open","Hard",128,"G",12,103852,105932,"5",19,1665,101,534,19,"Feliciano Lopez"
"358",2015-08-31,"US Open","Hard",128,"G",70,103852,103888,"5",19,1665,581,55,19,"Feliciano Lopez"
"359",2015-08-31,"US Open","Hard",128,"G",99,103852,105683,"5",19,1665,10,2880,19,"Feliciano Lopez"
"360",2015-08-31,"US Open","Hard",128,"G",114,103852,104926,"5",19,1665,32,1165,19,"Feliciano Lopez"
"361",2015-08-31,"US Open","Hard",128,"G",121,104925,103852,"5",1,14865,19,1665,19,"Feliciano Lopez"
"362",2015-09-18,"Davis Cup WG SF: GBR vs AUS","Hard",4,"D",2,106071,105554,"5",23,1510,300,153,300,"Daniel Evans"
"363",2015-09-18,"Davis Cup WG SF: GBR vs AUS","Hard",4,"D",5,106423,105554,"3",72,704,300,153,300,"Daniel Evans"
"364",2015-09-28,"Kuala Lumpur","Hard",28,"A",20,103852,104999,"3",17,1935,248,191,17,"Feliciano Lopez"
"365",2015-09-28,"Kuala Lumpur","Hard",28,"A",24,103852,105577,"3",17,1935,44,995,17,"Feliciano Lopez"
"366",2015-09-28,"Kuala Lumpur","Hard",28,"A",26,103852,106401,"3",17,1935,41,1035,17,"Feliciano Lopez"
"367",2015-09-28,"Kuala Lumpur","Hard",28,"A",27,103970,103852,"3",8,3695,17,1935,17,"Feliciano Lopez"
"368",2015-10-05,"Tokyo","Hard",32,"A",4,105311,103852,"3",45,951,15,2040,15,"Feliciano Lopez"
"369",2015-10-11,"Shanghai Masters","Hard",56,"M",3,103852,105723,"3",17,1725,88,589,17,"Feliciano Lopez"
"370",2015-10-11,"Shanghai Masters","Hard",56,"M",26,103852,106233,"3",17,1725,18,1600,17,"Feliciano Lopez"
"371",2015-10-11,"Shanghai Masters","Hard",56,"M",41,104925,103852,"3",1,15785,17,1725,17,"Feliciano Lopez"
"372",2015-10-26,"Valencia","Hard",28,"A",20,105449,103852,"3",33,1195,16,1770,16,"Feliciano Lopez"
"373",2015-11-02,"Paris Masters","Hard",48,"M",22,104678,103852,"3",27,1442,17,1725,17,"Feliciano Lopez"
"374",2016-01-04,"Doha","Hard",32,"A",278,103926,103852,"3",75,681,17,1690,17,"Feliciano Lopez"
"375",2016-01-18,"Australian Open","Hard",128,"G",152,103852,105554,"5",19,1690,185,274,19,"Feliciano Lopez"
"376",2016-01-18,"Australian Open","Hard",128,"G",190,103852,105550,"5",19,1690,75,693,19,"Feliciano Lopez"
"377",2016-01-18,"Australian Open","Hard",128,"G",209,104545,103852,"5",11,2495,19,1690,19,"Feliciano Lopez"
"378",2016-02-01,"Quito","Clay",32,"A",286,103852,105154,"3",22,1600,154,386,22,"Feliciano Lopez"
"379",2016-02-01,"Quito","Clay",32,"A",294,105077,103852,"3",55,808,22,1600,22,"Feliciano Lopez"
"380",2016-02-15,"Marseille","Hard",32,"A",284,104660,103852,"3",81,663,25,1495,25,"Feliciano Lopez"
"381",2016-02-22,"Dubai","Hard",32,"A",282,103852,104198,"3",24,1495,37,1135,24,"Feliciano Lopez"
"382",2016-02-22,"Dubai","Hard",32,"A",292,103852,104586,"3",24,1495,51,872,24,"Feliciano Lopez"
"383",2016-02-22,"Dubai","Hard",32,"A",297,103852,104925,"3",24,1495,1,16790,24,"Feliciano Lopez"
"384",2016-02-22,"Dubai","Hard",32,"A",299,104571,103852,"3",57,805,24,1495,24,"Feliciano Lopez"
"385",2016-03-04,"Davis Cup WG R1: GBR vs JPN","Hard",4,"D",2,105453,105554,"3",6,4030,157,369,157,"Daniel Evans"
"386",2016-03-07,"Indian Wells Masters","Hard",128,"M",286,103852,104198,"3",21,1630,38,1135,21,"Feliciano Lopez"
"387",2016-03-07,"Indian Wells Masters","Hard",128,"M",299,103852,105138,"3",21,1630,17,1935,21,"Feliciano Lopez"
"388",2016-03-07,"Indian Wells Masters","Hard",128,"M",312,104925,103852,"3",1,16540,21,1630,21,"Feliciano Lopez"
"389",2016-03-21,"Miami Masters","Hard",128,"M",267,106415,103852,"3",124,472,23,1540,23,"Feliciano Lopez"
"390",2016-04-04,"Houston","Clay",32,"A",288,103852,105041,"3",24,1540,114,522,24,"Feliciano Lopez"
"391",2016-04-04,"Houston","Clay",32,"A",295,103852,105065,"3",24,1540,125,471,24,"Feliciano Lopez"
"392",2016-04-04,"Houston","Clay",32,"A",298,104338,103852,"3",148,390,24,1540,24,"Feliciano Lopez"
"393",2016-04-11,"Monte Carlo Masters","Clay",64,"M",265,105676,103852,"3",13,2560,23,1585,23,"Feliciano Lopez"
"394",2016-04-18,"Barcelona","Clay",64,"A",278,103852,104471,"3",23,1585,79,704,23,"Feliciano Lopez"
"395",2016-04-18,"Barcelona","Clay",64,"A",290,104259,103852,"3",27,1330,23,1585,23,"Feliciano Lopez"
"396",2016-05-02,"Madrid Masters","Clay",64,"M",267,103852,104919,"3",23,1585,42,1000,23,"Feliciano Lopez"
"397",2016-05-02,"Madrid Masters","Clay",64,"M",284,105138,103852,"3",17,2015,23,1585,23,"Feliciano Lopez"
"398",2016-05-09,"Rome Masters","Clay",64,"M",249,104731,103852,"3",19,1840,23,1585,23,"Feliciano Lopez"
"399",2016-05-23,"Roland Garros","Clay",128,"G",111,103852,105341,"5",23,1550,117,518,23,"Feliciano Lopez"
"400",2016-05-23,"Roland Garros","Clay",128,"G",169,103852,103607,"5",23,1550,87,670,23,"Feliciano Lopez"
"401",2016-05-23,"Roland Garros","Clay",128,"G",198,103970,103852,"5",11,2740,23,1550,23,"Feliciano Lopez"
"402",2016-06-06,"Stuttgart","Grass",32,"A",278,104022,103852,"3",76,707,22,1630,22,"Feliciano Lopez"
"403",2016-06-13,"Queen's Club","Grass",32,"A",278,105227,103852,"3",13,2605,21,1630,21,"Feliciano Lopez"
"404",2016-06-13,"Queen's Club","Grass",32,"A",283,103908,105554,"3",61,820,92,628,92,"Daniel Evans"
"405",2016-06-20,"Nottingham","Grass",64,"A",240,105554,106281,"3",95,628,234,224,95,"Daniel Evans"
"406",2016-06-20,"Nottingham","Grass",64,"A",271,105554,105575,"3",95,628,53,890,95,"Daniel Evans"
"407",2016-06-20,"Nottingham","Grass",64,"A",286,104655,105554,"3",25,1450,95,628,95,"Daniel Evans"
"408",2016-06-27,"Wimbledon","Grass",128,"G",118,105554,105526,"5",91,648,86,661,91,"Daniel Evans"
"409",2016-06-27,"Wimbledon","Grass",128,"G",159,103852,104330,"5",21,1630,72,743,21,"Feliciano Lopez"
"410",2016-06-27,"Wimbledon","Grass",128,"G",173,105554,105238,"5",91,648,33,1215,91,"Daniel Evans"
"411",2016-06-27,"Wimbledon","Grass",128,"G",193,103852,104926,"5",21,1630,35,1170,21,"Feliciano Lopez"
"412",2016-06-27,"Wimbledon","Grass",128,"G",200,103819,105554,"5",3,6425,91,648,91,"Daniel Evans"
"413",2016-06-27,"Wimbledon","Grass",128,"G",210,106401,103852,"5",18,1855,21,1630,21,"Feliciano Lopez"
"414",2016-07-15,"Davis Cup G1 R2: ESP vs ROU","Hard",4,"D",1,103852,105657,"5",20,1675,163,338,20,"Feliciano Lopez"
"415",2016-07-18,"Gstaad","Clay",32,"A",293,103852,103902,"3",21,1675,306,158,21,"Feliciano Lopez"
"416",2016-07-18,"Gstaad","Clay",32,"A",297,103852,111200,"3",21,1675,157,357,21,"Feliciano Lopez"
"417",2016-07-18,"Gstaad","Clay",32,"A",299,103852,104460,"3",21,1675,99,603,21,"Feliciano Lopez"
"418",2016-07-18,"Gstaad","Clay",32,"A",300,103852,104898,"3",21,1675,95,615,21,"Feliciano Lopez"
"419",2016-07-18,"Washington","Hard",64,"A",256,105554,103794,"3",82,695,96,612,82,"Daniel Evans"
"420",2016-07-18,"Washington","Hard",64,"A",279,105554,105777,"3",82,695,40,1150,82,"Daniel Evans"
"421",2016-07-18,"Washington","Hard",64,"A",290,106058,105554,"3",26,1495,82,695,82,"Daniel Evans"
"422",2016-08-01,"Atlanta","Hard",32,"A",275,106415,105554,"3",97,608,82,705,82,"Daniel Evans"
"423",2016-08-08,"Los Cabos","Hard",32,"A",293,103852,124187,"3",18,1835,395,110,18,"Feliciano Lopez"
"424",2016-08-08,"Los Cabos","Hard",32,"A",297,103852,103898,"3",18,1835,361,124,18,"Feliciano Lopez"
"425",2016-08-08,"Los Cabos","Hard",32,"A",299,103852,105807,"3",18,1835,55,879,18,"Feliciano Lopez"
"426",2016-08-08,"Los Cabos","Hard",32,"A",300,103333,103852,"3",24,1490,18,1835,18,"Feliciano Lopez"
"427",2016-08-15,"Cincinnati Masters","Hard",64,"M",241,103852,104999,"3",18,1975,133,441,18,"Feliciano Lopez"
"428",2016-08-15,"Cincinnati Masters","Hard",64,"M",271,105777,103852,"3",34,1285,18,1975,18,"Feliciano Lopez"
"429",2016-08-22,"Winston-Salem","Hard",64,"A",268,105554,105671,"3",67,765,61,806,67,"Daniel Evans"
"430",2016-08-22,"Winston-Salem","Hard",64,"A",285,104755,105554,"3",15,2185,67,765,67,"Daniel Evans"
"431",2016-08-29,"US Open","Hard",128,"G",145,105554,104330,"5",64,775,104,577,64,"Daniel Evans"
"432",2016-08-29,"US Open","Hard",128,"G",156,103852,106432,"5",18,1840,41,1070,18,"Feliciano Lopez"
"433",2016-08-29,"US Open","Hard",128,"G",186,105554,100644,"5",64,775,28,1415,64,"Daniel Evans"
"434",2016-08-29,"US Open","Hard",128,"G",192,105311,103852,"5",36,1215,18,1840,18,"Feliciano Lopez"
"435",2016-08-29,"US Open","Hard",128,"G",207,104527,105554,"5",3,4980,64,775,64,"Daniel Evans"
"436",2016-09-16,"Davis Cup WG PO: ESP vs IND","Hard",4,"D",1,103852,106368,"5",26,1525,203,270,26,"Feliciano Lopez"
"437",2016-09-16,"Davis Cup WG SF: GBR vs ARG","Hard",4,"D",5,104919,105554,"5",114,540,53,850,53,"Daniel Evans"
"438",2016-09-26,"Chengdu","Hard",32,"A",288,103852,104338,"3",27,1525,93,630,27,"Feliciano Lopez"
"439",2016-09-26,"Chengdu","Hard",32,"A",295,111575,103852,"3",101,599,27,1525,27,"Feliciano Lopez"
"440",2016-10-03,"Tokyo","Hard",32,"A",278,105902,103852,"3",175,330,28,1420,28,"Feliciano Lopez"
"441",2016-10-10,"Shanghai Masters","Hard",64,"M",250,103852,103970,"3",28,1420,15,2455,28,"Feliciano Lopez"
"442",2016-10-10,"Shanghai Masters","Hard",64,"M",276,106058,103852,"3",25,1540,28,1420,28,"Feliciano Lopez"
"443",2016-10-24,"Vienna","Hard",32,"A",282,103852,106298,"3",30,1375,17,2106,30,"Feliciano Lopez"
"444",2016-10-24,"Vienna","Hard",32,"A",292,104545,103852,"3",27,1385,30,1375,30,"Feliciano Lopez"
"445",2016-10-31,"Paris Masters","Hard",64,"M",240,103852,105732,"3",30,1375,87,663,30,"Feliciano Lopez"
"446",2016-10-31,"Paris Masters","Hard",64,"M",271,106298,103852,"3",17,2106,30,1375,30,"Feliciano Lopez"
"447",2017-01-09,"Auckland","Hard",32,"A",277,103852,105030,"3",28,1410,1035,10,28,"Feliciano Lopez"
"448",2017-01-09,"Auckland","Hard",32,"A",289,104871,103852,"3",71,705,28,1410,28,"Feliciano Lopez"
"449",2017-01-09,"Sydney","Hard",32,"A",271,105554,105723,"3",67,736,48,935,67,"Daniel Evans"
"450",2017-01-09,"Sydney","Hard",32,"A",285,105554,106329,"3",67,736,83,660,67,"Daniel Evans"
"451",2017-01-09,"Sydney","Hard",32,"A",294,105554,104719,"3",67,736,37,1136,67,"Daniel Evans"
"452",2017-01-09,"Sydney","Hard",32,"A",299,105554,106233,"3",67,736,8,3415,67,"Daniel Evans"
"453",2017-01-09,"Sydney","Hard",32,"A",300,104180,105554,"3",34,1255,67,736,67,"Daniel Evans"
"454",2017-01-16,"Australian Open","Hard",128,"G",130,105554,105487,"5",51,886,65,739,51,"Daniel Evans"
"455",2017-01-16,"Australian Open","Hard",128,"G",151,104926,103852,"5",48,945,29,1410,29,"Feliciano Lopez"
"456",2017-01-16,"Australian Open","Hard",128,"G",179,105554,105227,"5",51,886,7,3605,51,"Daniel Evans"
"457",2017-01-16,"Australian Open","Hard",128,"G",203,105554,106071,"5",51,886,27,1420,51,"Daniel Evans"
"458",2017-01-16,"Australian Open","Hard",128,"G",215,104542,105554,"5",12,2505,51,886,51,"Daniel Evans"
"459",2017-02-03,"Davis Cup WG R1: CAN vs GBR","Hard",4,"D",1,105554,133430,"3",45,1031,234,223,45,"Daniel Evans"
"460",2017-02-03,"Davis Cup WG R1: CAN vs GBR","Hard",4,"D",4,105577,105554,"5",133,438,45,1031,45,"Daniel Evans"
"461",2017-02-06,"Montpellier","Hard",32,"A",282,103852,103898,"3",32,1330,128,453,32,"Feliciano Lopez"
"462",2017-02-06,"Montpellier","Hard",32,"A",292,105332,103852,"3",43,1040,32,1330,32,"Feliciano Lopez"
"463",2017-02-13,"Rotterdam","Hard",32,"A",272,105732,103852,"3",109,530,31,1330,31,"Feliciano Lopez"
"464",2017-02-27,"Acapulco","Hard",32,"A",272,111442,103852,"3",79,669,31,1170,31,"Feliciano Lopez"
"465",2017-02-27,"Dubai","Hard",32,"A",275,105554,104460,"3",43,971,81,651,43,"Daniel Evans"
"466",2017-02-27,"Dubai","Hard",32,"A",288,104792,105554,"3",12,3190,43,971,43,"Daniel Evans"
"467",2017-03-06,"Indian Wells Masters","Hard",128,"M",191,105554,104460,"3",41,1016,82,651,41,"Daniel Evans"
"468",2017-03-06,"Indian Wells Masters","Hard",128,"M",246,105453,105554,"3",5,4730,41,1016,41,"Daniel Evans"
"469",2017-03-06,"Indian Wells Masters","Hard",128,"M",268,105583,103852,"3",106,552,34,1170,34,"Feliciano Lopez"
"470",2017-03-20,"Miami Masters","Hard",128,"M",176,124014,105554,"3",108,551,43,951,43,"Daniel Evans"
"471",2017-03-20,"Miami Masters","Hard",128,"M",268,104291,103852,"3",53,873,36,1090,36,"Feliciano Lopez"
"472",2017-04-07,"Davis Cup WG QF: FRA vs GBR","Clay",4,"D",2,104871,105554,"5",68,735,44,944,44,"Daniel Evans"
"473",2017-04-07,"Davis Cup WG QF: FRA vs GBR","Clay",4,"D",4,105554,103898,"3",44,944,113,528,44,"Daniel Evans"
"474",2017-04-10,"Houston","Clay",32,"A",282,103852,106216,"3",40,1020,116,503,40,"Feliciano Lopez"
"475",2017-04-10,"Houston","Clay",32,"A",292,103852,111202,"3",40,1020,102,559,40,"Feliciano Lopez"
"476",2017-04-10,"Houston","Clay",32,"A",297,106058,103852,"3",16,2405,40,1020,40,"Feliciano Lopez"
"477",2017-04-17,"Monte Carlo Masters","Clay",64,"M",247,106378,105554,"3",45,933,44,944,44,"Daniel Evans"
"478",2017-04-17,"Monte Carlo Masters","Clay",64,"M",248,103852,106421,"3",39,1045,62,789,39,"Feliciano Lopez"
"479",2017-04-17,"Monte Carlo Masters","Clay",64,"M",275,100644,103852,"3",20,2005,39,1045,39,"Feliciano Lopez"
"480",2017-04-24,"Barcelona","Clay",64,"A",259,105554,106329,"3",43,954,80,644,43,"Daniel Evans"
"481",2017-04-24,"Barcelona","Clay",64,"A",280,105554,104999,"3",43,954,35,1159,43,"Daniel Evans"
"482",2017-04-24,"Barcelona","Clay",64,"A",284,103852,103656,"3",40,1045,312,155,40,"Feliciano Lopez"
"483",2017-04-24,"Barcelona","Clay",64,"A",291,106233,105554,"3",9,3385,43,954,43,"Daniel Evans"
"484",2017-04-24,"Barcelona","Clay",64,"A",293,104918,103852,"3",1,11690,40,1045,40,"Feliciano Lopez"
"485",2017-05-08,"Madrid Masters","Clay",64,"M",240,103852,124014,"3",38,1045,81,638,38,"Feliciano Lopez"
"486",2017-05-08,"Madrid Masters","Clay",64,"M",256,104898,105554,"3",45,933,58,834,58,"Daniel Evans"
"487",2017-05-08,"Madrid Masters","Clay",64,"M",271,103852,104468,"3",38,1045,32,1165,38,"Feliciano Lopez"
"488",2017-05-08,"Madrid Masters","Clay",64,"M",286,104925,103852,"3",2,7085,38,1045,38,"Feliciano Lopez"
"489",2017-05-15,"Rome Masters","Clay",64,"M",244,103970,103852,"3",30,1230,35,1125,35,"Feliciano Lopez"
"490",2017-05-15,"Rome Masters","Clay",64,"M",248,106210,105554,"3",62,815,56,844,56,"Daniel Evans"
"491",2017-05-29,"Roland Garros","Clay",128,"G",129,103852,106216,"5",36,1115,138,425,36,"Feliciano Lopez"
"492",2017-05-29,"Roland Garros","Clay",128,"G",138,103990,105554,"5",274,192,55,854,55,"Daniel Evans"
"493",2017-05-29,"Roland Garros","Clay",128,"G",178,103852,103970,"5",36,1115,33,1185,36,"Feliciano Lopez"
"494",2017-05-29,"Roland Garros","Clay",128,"G",203,105227,103852,"5",8,3765,36,1115,36,"Feliciano Lopez"
"495",2017-06-12,"Stuttgart","Grass",32,"A",278,103852,104468,"3",33,1115,34,1095,33,"Feliciano Lopez"
"496",2017-06-12,"Stuttgart","Grass",32,"A",290,103852,104871,"3",33,1115,80,660,33,"Feliciano Lopez"
"497",2017-06-12,"Stuttgart","Grass",32,"A",296,103852,104607,"3",33,1115,14,2570,33,"Feliciano Lopez"
"498",2017-06-12,"Stuttgart","Grass",32,"A",299,103852,104999,"3",33,1115,31,1301,33,"Feliciano Lopez"
"499",2017-06-12,"Stuttgart","Grass",32,"A",300,106298,103852,"3",16,2365,33,1115,33,"Feliciano Lopez"
"500",2017-06-19,"Queen's Club","Grass",32,"A",270,103852,104527,"3",32,1220,3,6175,32,"Feliciano Lopez"
"501",2017-06-19,"Queen's Club","Grass",32,"A",286,103852,104871,"3",32,1220,80,660,32,"Feliciano Lopez"
"502",2017-06-19,"Queen's Club","Grass",32,"A",294,103852,104607,"3",32,1220,14,2570,32,"Feliciano Lopez"
"503",2017-06-19,"Queen's Club","Grass",32,"A",298,103852,105777,"3",32,1220,11,2980,32,"Feliciano Lopez"
"504",2017-06-19,"Queen's Club","Grass",32,"A",300,103852,105227,"3",32,1220,7,4025,32,"Feliciano Lopez"
"505",2017-07-03,"Wimbledon","Grass",128,"G",159,105173,103852,"5",51,896,25,1675,25,"Feliciano Lopez"
"506",2017-07-24,"Gstaad","Clay",32,"A",291,105870,103852,"3",170,318,27,1390,27,"Feliciano Lopez"
"507",2017-07-31,"Los Cabos","Hard",32,"A",288,103852,105051,"3",28,1390,154,363,28,"Feliciano Lopez"
"508",2017-07-31,"Los Cabos","Hard",32,"A",295,106000,103852,"3",87,610,28,1390,28,"Feliciano Lopez"
"509",2017-08-07,"Canada Masters","Hard",64,"M",264,111202,103852,"3",56,861,28,1390,28,"Feliciano Lopez"
"510",2017-08-14,"Cincinnati Masters","Hard",64,"M",244,103852,111202,"3",34,1250,49,951,34,"Feliciano Lopez"
"511",2017-08-14,"Cincinnati Masters","Hard",64,"M",273,105777,103852,"3",11,3070,34,1250,34,"Feliciano Lopez"
"512",2017-08-28,"US Open","Hard",128,"G",119,103852,105723,"5",35,1250,75,686,35,"Feliciano Lopez"
"513",2017-08-28,"US Open","Hard",128,"G",173,103852,104269,"5",35,1250,43,1080,35,"Feliciano Lopez"
"514",2017-08-28,"US Open","Hard",128,"G",200,103819,103852,"5",3,7145,35,1250,35,"Feliciano Lopez"
"515",2017-10-02,"Tokyo","Hard",32,"A",274,105676,103852,"3",11,2855,34,1295,34,"Feliciano Lopez"
"516",2017-10-09,"Shanghai Masters","Hard",64,"M",240,103852,103333,"3",34,1295,52,910,34,"Feliciano Lopez"
"517",2017-10-09,"Shanghai Masters","Hard",64,"M",271,105238,103852,"3",41,1116,34,1295,34,"Feliciano Lopez"
"518",2017-10-23,"Vienna","Hard",32,"A",271,104755,103852,"3",32,1375,33,1295,33,"Feliciano Lopez"
"519",2017-10-30,"Paris Masters","Hard",64,"M",239,103852,105732,"3",33,1295,75,687,33,"Feliciano Lopez"
"520",2017-10-30,"Paris Masters","Hard",64,"M",270,106298,103852,"3",18,2235,33,1295,33,"Feliciano Lopez"
"521",2018-01-01,"Doha","Hard",32,"A",277,103852,104198,"3",36,1295,70,714,36,"Feliciano Lopez"
"522",2018-01-01,"Doha","Hard",32,"A",289,105806,103852,"3",138,399,36,1295,36,"Feliciano Lopez"
"523",2018-01-08,"Sydney","Hard",32,"A",275,103852,126846,"3",36,1295,462,77,36,"Feliciano Lopez"
"524",2018-01-08,"Sydney","Hard",32,"A",288,103852,106043,"3",36,1295,26,1675,36,"Feliciano Lopez"
"525",2018-01-08,"Sydney","Hard",32,"A",295,200282,103852,"3",167,323,36,1295,36,"Feliciano Lopez"
"526",2018-01-15,"Australian Open","Hard",128,"G",157,105023,103852,"5",13,2535,38,1295,38,"Feliciano Lopez"
"527",2018-02-12,"Rotterdam","Hard",32,"A",275,103852,105373,"3",37,1295,150,376,37,"Feliciano Lopez"
"528",2018-02-12,"Rotterdam","Hard",32,"A",288,105676,103852,"3",7,3400,37,1295,37,"Feliciano Lopez"
"529",2018-02-26,"Acapulco","Hard",32,"A",285,103852,106121,"3",38,1295,107,529,38,"Feliciano Lopez"
"530",2018-02-26,"Acapulco","Hard",32,"A",293,103852,106423,"3",38,1295,199,274,38,"Feliciano Lopez"
"531",2018-02-26,"Acapulco","Hard",32,"A",297,111577,103852,"3",59,878,38,1295,38,"Feliciano Lopez"
"532",2018-03-05,"Indian Wells Masters","Hard",128,"M",252,103852,124014,"3",32,1340,117,481,32,"Feliciano Lopez"
"533",2018-03-05,"Indian Wells Masters","Hard",128,"M",277,103852,106058,"3",32,1340,10,2650,32,"Feliciano Lopez"
"534",2018-03-05,"Indian Wells Masters","Hard",128,"M",289,105023,103852,"3",21,2095,32,1340,32,"Feliciano Lopez"
"535",2018-03-19,"Miami Masters","Hard",128,"M",244,111577,103852,"3",49,1038,32,1420,32,"Feliciano Lopez"
"536",2018-04-16,"Monte Carlo Masters","Clay",64,"M",256,103852,105332,"3",30,1420,48,1020,30,"Feliciano Lopez"
"537",2018-04-16,"Monte Carlo Masters","Clay",64,"M",279,105138,103852,"3",16,2175,30,1420,30,"Feliciano Lopez"
"538",2018-04-23,"Barcelona","Clay",64,"A",283,103852,105583,"3",30,1420,91,664,30,"Feliciano Lopez"
"539",2018-04-23,"Barcelona","Clay",64,"A",292,105373,103852,"3",140,396,30,1420,30,"Feliciano Lopez"
"540",2018-05-07,"Madrid Masters","Clay",64,"M",267,103852,104665,"3",30,1420,134,425,30,"Feliciano Lopez"
"541",2018-05-07,"Madrid Masters","Clay",64,"M",284,106043,103852,"3",16,2085,30,1420,30,"Feliciano Lopez"
"542",2018-05-14,"Rome Masters","Clay",64,"M",260,105453,103852,"3",24,1665,33,1375,33,"Feliciano Lopez"
"543",2018-05-28,"Roland Garros","Clay",128,"G",112,104660,103852,"5",127,433,33,1375,33,"Feliciano Lopez"
"544",2018-06-11,"Stuttgart","Grass",32,"A",278,103852,104678,"3",33,1295,91,627,33,"Feliciano Lopez"
"545",2018-06-11,"Stuttgart","Grass",32,"A",290,103852,104468,"3",33,1295,55,950,33,"Feliciano Lopez"
"546",2018-06-11,"Stuttgart","Grass",32,"A",296,106401,103852,"3",24,1585,33,1295,33,"Feliciano Lopez"
"547",2018-06-18,"Queen's Club","Grass",32,"A",272,105173,105554,"3",26,1535,340,138,340,"Daniel Evans"
"548",2018-06-18,"Queen's Club","Grass",32,"A",281,103852,105676,"3",37,1190,9,3110,37,"Feliciano Lopez"
"549",2018-06-18,"Queen's Club","Grass",32,"A",291,103852,105683,"3",37,1190,31,1405,37,"Feliciano Lopez"
"550",2018-06-18,"Queen's Club","Grass",32,"A",296,106401,103852,"3",21,1675,37,1190,37,"Feliciano Lopez"
"551",2018-07-02,"Wimbledon","Grass",128,"G",149,103852,105643,"5",70,780,88,667,70,"Feliciano Lopez"
"552",2018-07-02,"Wimbledon","Grass",128,"G",188,105223,103852,"5",4,5080,70,780,70,"Feliciano Lopez"
"553",2018-07-23,"Gstaad","Clay",32,"A",278,103852,105643,"3",66,815,82,710,66,"Feliciano Lopez"
"554",2018-07-23,"Gstaad","Clay",32,"A",290,103852,106177,"3",66,815,314,154,66,"Feliciano Lopez"
"555",2018-07-23,"Gstaad","Clay",32,"A",296,126610,103852,"3",84,687,66,815,66,"Feliciano Lopez"
"556",2018-07-30,"Los Cabos","Hard",32,"A",277,103852,105633,"3",69,815,173,324,69,"Feliciano Lopez"
"557",2018-07-30,"Los Cabos","Hard",32,"A",289,111815,103852,"3",74,763,69,815,69,"Feliciano Lopez"
"558",2018-08-27,"US Open","Hard",128,"G",119,104269,103852,"5",32,1330,63,850,63,"Feliciano Lopez"
"559",2018-09-14,"Davis Cup WG PO: GBR vs UZB","Hard",4,"D",1,105554,104797,"5",222,257,60,884,222,"Daniel Evans"
"560",2018-10-01,"Beijing","Hard",32,"A",282,103852,106432,"3",71,770,18,1825,71,"Feliciano Lopez"
"561",2018-10-01,"Beijing","Hard",32,"A",292,105936,103852,"3",36,1222,71,770,71,"Feliciano Lopez"
"562",2018-10-15,"Antwerp","Hard",32,"A",278,103852,126207,"3",70,770,45,1055,70,"Feliciano Lopez"
"563",2018-10-15,"Antwerp","Hard",32,"A",290,105526,103852,"3",58,910,70,770,70,"Feliciano Lopez"
"564",2018-10-29,"Paris Masters","Hard",64,"M",259,103852,200282,"3",71,770,33,1308,71,"Feliciano Lopez"
"565",2018-10-29,"Paris Masters","Hard",64,"M",280,106043,103852,"3",19,1835,71,770,71,"Feliciano Lopez"
"566",2019-01-14,"Australian Open","Hard",128,"G",187,103819,105554,"5",3,6420,189,266,189,"Daniel Evans"
"567",2019-01-14,"Australian Open","Hard",128,"G",146,105554,105147,"5",189,266,150,360,189,"Daniel Evans"
"568",2019-01-14,"Australian Open","Hard",128,"G",150,111442,103852,"5",72,740,66,770,66,"Feliciano Lopez"
"569",2019-02-18,"Delray Beach","Hard",32,"A",300,105430,105554,"3",82,680,148,384,148,"Daniel Evans"
"570",2019-02-18,"Delray Beach","Hard",32,"A",298,105554,104545,"3",148,384,9,3225,148,"Daniel Evans"
"571",2019-02-18,"Delray Beach","Hard",32,"A",295,105554,104312,"3",148,384,52,915,148,"Daniel Evans"
"572",2019-02-18,"Delray Beach","Hard",32,"A",288,105554,144750,"3",148,384,98,577,148,"Daniel Evans"
"573",2019-02-18,"Delray Beach","Hard",32,"A",274,105554,126207,"3",148,384,29,1405,148,"Daniel Evans"
"574",2019-02-18,"Delray Beach","Hard",32,"A",272,104797,103852,"3",102,542,67,745,67,"Feliciano Lopez"
"575",2019-02-25,"Acapulco","Hard",32,"A",287,200282,103852,"3",26,1443,73,745,73,"Feliciano Lopez"
"576",2019-02-25,"Acapulco","Hard",32,"A",272,103852,105583,"3",73,745,43,1010,73,"Feliciano Lopez"
"577",2019-03-04,"Indian Wells Masters","Hard",128,"M",242,111575,103852,"3",13,2675,78,700,78,"Feliciano Lopez"
"578",2019-03-04,"Indian Wells Masters","Hard",128,"M",192,104527,105554,"3",40,1130,100,591,100,"Daniel Evans"
"579",2019-03-04,"Indian Wells Masters","Hard",128,"M",183,103852,104607,"3",78,700,81,685,78,"Feliciano Lopez"
"580",2019-03-18,"Miami Masters","Hard",128,"M",251,105777,103852,"3",29,1300,94,635,94,"Feliciano Lopez"
"581",2019-03-18,"Miami Masters","Hard",128,"M",243,133430,105554,"3",23,1550,97,622,97,"Daniel Evans"
"582",2019-03-18,"Miami Masters","Hard",128,"M",200,103852,105332,"3",94,635,67,770,94,"Feliciano Lopez"
"583",2019-03-18,"Miami Masters","Hard",128,"M",184,105554,104291,"3",97,622,59,852,97,"Daniel Evans"
"584",2019-04-22,"Barcelona","Clay",64,"A",240,104269,103852,"3",37,1155,93,630,93,"Feliciano Lopez"
"585",2019-05-13,"Rome Masters","Clay",64,"M",264,134770,105554,"3",76,695,83,656,83,"Daniel Evans"
"586",2019-05-20,"Geneva","Clay",32,"A",271,106000,103852,"3",57,856,108,530,108,"Feliciano Lopez"
"587",2019-05-27,"Roland Garros","Clay",128,"G",1121,104269,105554,"5",27,1370,80,678,80,"Daniel Evans"
"588",2019-05-27,"Roland Garros","Clay",128,"G",1130,103333,103852,"5",94,599,108,530,108,"Feliciano Lopez"
"589",2019-06-10,"Stuttgart","Grass",32,"A",275,106298,103852,"3",26,1340,108,540,108,"Feliciano Lopez"
"590",2019-06-17,"Queen's Club","Grass",32,"A",300,103852,104468,"3",113,507,38,1190,113,"Feliciano Lopez"
"591",2019-06-17,"Queen's Club","Grass",32,"A",299,103852,200000,"3",113,507,21,1522,113,"Feliciano Lopez"
"592",2019-06-17,"Queen's Club","Grass",32,"A",296,103852,105683,"3",113,507,18,1900,113,"Feliciano Lopez"
"593",2019-06-17,"Queen's Club","Grass",32,"A",291,103852,105223,"3",113,507,12,2695,113,"Feliciano Lopez"
"594",2019-06-17,"Queen's Club","Grass",32,"A",280,103852,105916,"3",113,507,51,930,113,"Feliciano Lopez"
"595",2019-06-17,"Queen's Club","Grass",32,"A",273,104527,105554,"3",19,1715,63,818,63,"Daniel Evans"
"596",2019-06-24,"Eastbourne","Grass",32,"A",296,106378,105554,"3",31,1280,65,818,65,"Daniel Evans"
"597",2019-06-24,"Eastbourne","Grass",32,"A",290,105554,105732,"3",65,818,38,1168,65,"Daniel Evans"
"598",2019-06-24,"Eastbourne","Grass",32,"A",278,105554,105430,"3",65,818,41,1126,65,"Daniel Evans"
"599",2019-07-01,"Wimbledon","Grass",128,"G",125,103852,106218,"5",54,917,155,356,54,"Feliciano Lopez"
"600",2019-07-01,"Wimbledon","Grass",128,"G",142,105554,105643,"5",61,860,75,731,61,"Daniel Evans"
"601",2019-07-01,"Wimbledon","Grass",128,"G",176,111575,103852,"5",9,2980,54,917,54,"Feliciano Lopez"
"602",2019-07-01,"Wimbledon","Grass",128,"G",185,105554,105932,"5",61,860,16,1960,61,"Daniel Evans"
"603",2019-07-01,"Wimbledon","Grass",128,"G",206,105311,105554,"5",69,770,61,860,61,"Daniel Evans"
"604",2019-07-22,"Atlanta","Hard",32,"A",297,124187,105554,"3",57,937,55,942,55,"Daniel Evans"
"605",2019-07-22,"Atlanta","Hard",32,"A",292,105554,105430,"3",55,942,42,1046,55,"Daniel Evans"
"606",2019-07-22,"Atlanta","Hard",32,"A",283,105554,105359,"3",55,942,138,395,55,"Daniel Evans"
"607",2019-07-29,"Washington","Hard",64,"A",255,106415,105554,"3",77,776,51,980,51,"Daniel Evans"
"608",2019-08-05,"Canada Masters","Hard",64,"M",285,104745,105554,"3",2,7945,53,980,53,"Daniel Evans"
"609",2019-08-05,"Canada Masters","Hard",64,"M",268,105554,200282,"3",53,980,38,1215,53,"Daniel Evans"
"610",2019-08-05,"Canada Masters","Hard",64,"M",240,105357,103852,"3",65,860,67,852,67,"Feliciano Lopez"
"611",2019-08-19,"Winston-Salem","Hard",64,"A",288,128034,103852,"3",41,1078,63,903,63,"Feliciano Lopez"
"612",2019-08-19,"Winston-Salem","Hard",64,"A",278,105449,105554,"3",82,670,58,955,58,"Daniel Evans"
"613",2019-08-19,"Winston-Salem","Hard",64,"A",275,103852,104665,"3",63,903,71,847,63,"Feliciano Lopez"
"614",2019-08-26,"US Open","Hard",128,"G",112,103852,126203,"5",61,923,28,1465,61,"Feliciano Lopez"
"615",2019-08-26,"US Open","Hard",128,"G",118,105554,105173,"5",58,955,57,961,58,"Daniel Evans"
"616",2019-08-26,"US Open","Hard",128,"G",170,103852,106415,"5",61,923,59,946,61,"Feliciano Lopez"
"617",2019-08-26,"US Open","Hard",128,"G",173,105554,106298,"5",58,955,27,1475,58,"Daniel Evans"
"618",2019-08-26,"US Open","Hard",128,"G",199,106421,103852,"5",5,4125,61,923,61,"Feliciano Lopez"
"619",2019-08-26,"US Open","Hard",128,"G",200,103819,105554,"5",3,6950,58,955,58,"Daniel Evans"
"620",2019-09-23,"Chengdu","Hard",32,"A",288,105777,105554,"3",26,1432,48,1038,48,"Daniel Evans"
"621",2019-09-23,"Chengdu","Hard",32,"A",275,105554,105339,"3",48,1038,222,215,48,"Daniel Evans"
"622",2019-09-30,"Beijing","Hard",32,"A",289,104545,105554,"3",19,1805,48,1053,48,"Daniel Evans"
"623",2019-09-30,"Beijing","Hard",32,"A",276,105554,104810,"3",48,1053,235,205,48,"Daniel Evans"
"624",2019-10-14,"Antwerp","Hard",32,"A",291,104527,103852,"3",18,1670,62,958,62,"Feliciano Lopez"
"625",2019-10-14,"Antwerp","Hard",32,"A",280,103852,111815,"3",62,958,61,960,62,"Feliciano Lopez"
"626",2019-10-14,"Stockholm","Hard",32,"A",289,105936,105554,"3",60,963,43,1120,43,"Daniel Evans"
"627",2019-10-14,"Stockholm","Hard",32,"A",277,105554,106071,"3",43,1120,184,273,43,"Daniel Evans"
"628",2019-10-21,"Basel","Hard",32,"A",283,126207,105554,"3",48,1060,43,1124,43,"Daniel Evans"
"629",2019-10-21,"Vienna","Hard",32,"A",276,104468,103852,"3",50,1035,59,958,59,"Feliciano Lopez"
"630",2019-11-21,"Davis Cup Finals RR: GBR vs KAZ","Hard",4,"D",2,122330,105554,"3",57,919,42,1124,42,"Daniel Evans"
"631",2019-11-20,"Davis Cup Finals RR: GBR vs NED","Hard",4,"D",2,104898,105554,"3",163,316,42,1124,42,"Daniel Evans"
"632",2019-11-23,"Davis Cup Finals SF: GBR vs ESP","Hard",4,"D",1,106378,103852,"3",69,800,62,888,62,"Feliciano Lopez"
"633",2019-11-23,"Davis Cup Finals SF: GBR vs ESP","Hard",4,"D",2,104745,105554,"3",1,9985,42,1124,42,"Daniel Evans"
"634",2019-11-22,"Davis Cup Finals QF: GBR vs GER","Hard",4,"D",2,105554,105526,"3",42,1124,35,1245,42,"Daniel Evans"
